Peptide,ExperimentID,FractionID,PeptideCount,ID
AAAAAWEEPSSGNGTAR,Anna_HEK293T_IEX_control_011217,HEK293T_control_IEX_31a_011217,1,sp|Q9P258|RCC2_HUMAN
AAAAAWEEPSSGNGTAR,Anna_HEK293T_IEX_control_011217,HEK293T_control_IEX_32a_011217,1,sp|Q9P258|RCC2_HUMAN
AAAAAWEEPSSGNGTAR,Anna_HEK293T_IEX_control_011217,HEK293T_control_IEX_36a_011217,1,sp|Q9P258|RCC2_HUMAN
AAAAAWEEPSSGNGTAR,Anna_HEK293T_IEX_control_011217,HEK293T_control_IEX_37a_011217,1,sp|Q9P258|RCC2_HUMAN
AAAAAWEEPSSGNGTAR,Anna_HEK293T_IEX_control_011217,HEK293T_control_IEX_38a_011217,4,sp|Q9P258|RCC2_HUMAN
AAAAAWEEPSSGNGTAR,Anna_HEK293T_IEX_control_011217,HEK293T_control_IEX_39a_011217,2,sp|Q9P258|RCC2_HUMAN
AAAAAWEEPSSGNGTAR,Anna_HEK293T_IEX_control_011217,HEK293T_control_IEX_41a_011217,1,sp|Q9P258|RCC2_HUMAN
AAAAAWEEPSSGNGTAR,Anna_HEK293T_IEX_control_011217,HEK293T_control_IEX_45a_011217,1,sp|Q9P258|RCC2_HUMAN
AAAAAWEEPSSGNGTAR,Anna_HEK293T_IEX_control_011217,HEK293T_control_IEX_46a_011217,1,sp|Q9P258|RCC2_HUMAN
AAAAAWEEPSSGNGTAR,Anna_HEK293T_IEX_control_011217,HEK293T_control_IEX_47a_011217,2,sp|Q9P258|RCC2_HUMAN
AAAAAWEEPSSGNGTAR,Anna_HEK293T_IEX_control_011217,HEK293T_control_IEX_48a_011217,1,sp|Q9P258|RCC2_HUMAN
AAAAAWEEPSSGNGTAR,Anna_HEK293T_IEX_control_011217,HEK293T_control_IEX_49a_011217,1,sp|Q9P258|RCC2_HUMAN
AAAAAWEEPSSGNGTAR,Anna_HEK293T_IEX_control_011217,HEK293T_control_IEX_50a_011217,2,sp|Q9P258|RCC2_HUMAN
AAAAAWEEPSSGNGTAR,Anna_HEK293T_IEX_control_011217,HEK293T_control_IEX_51a_011217,2,sp|Q9P258|RCC2_HUMAN
AAAAAWEEPSSGNGTAR,Anna_HEK293T_IEX_control_011217,HEK293T_control_IEX_52a_011217,4,sp|Q9P258|RCC2_HUMAN
AAAAAWEEPSSGNGTAR,Anna_HEK293T_IEX_control_011217,HEK293T_control_IEX_53a_011217,3,sp|Q9P258|RCC2_HUMAN
AAAAAWEEPSSGNGTAR,Anna_HEK293T_IEX_control_011217,HEK293T_control_IEX_54a_011217,2,sp|Q9P258|RCC2_HUMAN
AAAAAWEEPSSGNGTAR,Anna_HEK293T_IEX_control_011217,HEK293T_control_IEX_55a_011217,2,sp|Q9P258|RCC2_HUMAN
AAAAAWEEPSSGNGTAR,Anna_HEK293T_IEX_control_011217,HEK293T_control_IEX_57a_011217,2,sp|Q9P258|RCC2_HUMAN
AAAAAWEEPSSGNGTAR,Anna_HEK293T_IEX_control_011217,HEK293T_control_IEX_59a_011217,2,sp|Q9P258|RCC2_HUMAN
AAAAAWEEPSSGNGTAR,Anna_HEK293T_IEX_control_011217,HEK293T_control_IEX_60a_011217,1,sp|Q9P258|RCC2_HUMAN
AAAAAWEEPSSGNGTAR,Anna_HEK293T_IEX_control_011217,HEK293T_control_IEX_62a_011217,2,sp|Q9P258|RCC2_HUMAN
AAAAAWEEPSSGNGTAR,Anna_HEK293T_IEX_control_011217,HEK293T_control_IEX_63a_011217,1,sp|Q9P258|RCC2_HUMAN
AAAAAWEEPSSGNGTAR,Anna_HEK293T_IEX_control_011217,HEK293T_control_IEX_64a_011217,1,sp|Q9P258|RCC2_HUMAN
AAAAAWEEPSSGNGTAR,Anna_HEK293T_IEX_control_011217,HEK293T_control_IEX_65a_011217,1,sp|Q9P258|RCC2_HUMAN
AAAAAWEEPSSGNGTAR,Anna_HEK293T_IEX_control_011217,HEK293T_control_IEX_66a_011217,1,sp|Q9P258|RCC2_HUMAN
AAAAAWEEPSSGNGTAR,Anna_HEK293T_IEX_control_011217,HEK293T_control_IEX_70a_011217,1,sp|Q9P258|RCC2_HUMAN
AAAAAWEEPSSGNGTAR,Anna_HEK293T_IEX_control_011217,HEK293T_control_IEX_71a_011217,1,sp|Q9P258|RCC2_HUMAN
AAAASAAEAGJATTGTEDSDDAJJK,Anna_HEK293T_IEX_control_011217,HEK293T_control_IEX_48a_011217,2,sp|P55036|PSMD4_HUMAN
AAAASAAEAGJATTGTEDSDDAJJK,Anna_HEK293T_IEX_control_011217,HEK293T_control_IEX_49a_011217,2,sp|P55036|PSMD4_HUMAN
AAAASAAEAGJATTGTEDSDDAJJK,Anna_HEK293T_IEX_control_011217,HEK293T_control_IEX_50a_011217,2,sp|P55036|PSMD4_HUMAN
AAAASAAEAGJATTGTEDSDDAJJK,Anna_HEK293T_IEX_control_011217,HEK293T_control_IEX_51a_011217,2,sp|P55036|PSMD4_HUMAN
AAAASAAEAGJATTGTEDSDDAJJK,Anna_HEK293T_IEX_control_011217,HEK293T_control_IEX_52a_011217,2,sp|P55036|PSMD4_HUMAN
AAAASAAEAGJATTGTEDSDDAJJK,Anna_HEK293T_IEX_control_011217,HEK293T_control_IEX_53a_011217,3,sp|P55036|PSMD4_HUMAN
AAAASAAEAGJATTGTEDSDDAJJK,Anna_HEK293T_IEX_control_011217,HEK293T_control_IEX_54a_011217,3,sp|P55036|PSMD4_HUMAN
AAAASAAEAGJATTGTEDSDDAJJK,Anna_HEK293T_IEX_control_011217,HEK293T_control_IEX_55a_011217,3,sp|P55036|PSMD4_HUMAN
AAAASAAEAGJATTGTEDSDDAJJK,Anna_HEK293T_IEX_control_011217,HEK293T_control_IEX_56a_011217,1,sp|P55036|PSMD4_HUMAN
AAAASAAEAGJATTGTEDSDDAJJK,Anna_HEK293T_IEX_control_011217,HEK293T_control_IEX_57a_011217,3,sp|P55036|PSMD4_HUMAN
AAAASAAEAGJATTGTEDSDDAJJK,Anna_HEK293T_IEX_control_011217,HEK293T_control_IEX_59a_011217,2,sp|P55036|PSMD4_HUMAN
AAAASAAEAGJATTGTEDSDDAJJK,Anna_HEK293T_IEX_control_011217,HEK293T_control_IEX_60a_011217,2,sp|P55036|PSMD4_HUMAN
AAAASAAEAGJATTGTEDSDDAJJK,Anna_HEK293T_IEX_control_011217,HEK293T_control_IEX_61a_011217,1,sp|P55036|PSMD4_HUMAN
AAAASAAEAGJATTGTEDSDDAJJK,Anna_HEK293T_IEX_control_011217,HEK293T_control_IEX_62a_011217,2,sp|P55036|PSMD4_HUMAN
AAAASAAEAGJATTGTEDSDDAJJK,Anna_HEK293T_IEX_control_011217,HEK293T_control_IEX_63a_011217,1,sp|P55036|PSMD4_HUMAN
AAAASAAEAGJATTGTEDSDDAJJK,Anna_HEK293T_IEX_control_011217,HEK293T_control_IEX_64a_011217,3,sp|P55036|PSMD4_HUMAN
AAAASAAEAGJATTGTEDSDDAJJK,Anna_HEK293T_IEX_control_011217,HEK293T_control_IEX_65a_011217,1,sp|P55036|PSMD4_HUMAN
AAAASAAEAGJATTGTEDSDDAJJK,Anna_HEK293T_IEX_control_011217,HEK293T_control_IEX_66a_011217,2,sp|P55036|PSMD4_HUMAN
AAAASAAEAGJATTGTEDSDDAJJK,Anna_HEK293T_IEX_control_011217,HEK293T_control_IEX_67a_011217,3,sp|P55036|PSMD4_HUMAN
AAAASAAEAGJATTGTEDSDDAJJK,Anna_HEK293T_IEX_control_011217,HEK293T_control_IEX_68a_011217,3,sp|P55036|PSMD4_HUMAN
AAAASAAEAGJATTGTEDSDDAJJK,Anna_HEK293T_IEX_control_011217,HEK293T_control_IEX_69a_011217,1,sp|P55036|PSMD4_HUMAN
AAAASAAEAGJATTGTEDSDDAJJK,Anna_HEK293T_IEX_control_011217,HEK293T_control_IEX_70a_011217,2,sp|P55036|PSMD4_HUMAN
AAAASAAEAGJATTGTEDSDDAJJK,Anna_HEK293T_IEX_control_011217,HEK293T_control_IEX_71a_011217,1,sp|P55036|PSMD4_HUMAN
AAAASAAEAGJATTGTEDSDDAJJK,Anna_HEK293T_IEX_control_011217,HEK293T_control_IEX_72a_011217,2,sp|P55036|PSMD4_HUMAN
AGGAAVVJTEPEHTK,Anna_HEK293T_IEX_control_011217,HEK293T_control_IEX_33a_011217,1,sp|Q9P258|RCC2_HUMAN
AGGAAVVJTEPEHTK,Anna_HEK293T_IEX_control_011217,HEK293T_control_IEX_34a_011217,1,sp|Q9P258|RCC2_HUMAN
AGGAAVVJTEPEHTK,Anna_HEK293T_IEX_control_011217,HEK293T_control_IEX_38a_011217,2,sp|Q9P258|RCC2_HUMAN
AGGAAVVJTEPEHTK,Anna_HEK293T_IEX_control_011217,HEK293T_control_IEX_39a_011217,1,sp|Q9P258|RCC2_HUMAN
AGGAAVVJTEPEHTK,Anna_HEK293T_IEX_control_011217,HEK293T_control_IEX_40a_011217,1,sp|Q9P258|RCC2_HUMAN
AGGAAVVJTEPEHTK,Anna_HEK293T_IEX_control_011217,HEK293T_control_IEX_41a_011217,1,sp|Q9P258|RCC2_HUMAN
AGGAAVVJTEPEHTK,Anna_HEK293T_IEX_control_011217,HEK293T_control_IEX_42a_011217,2,sp|Q9P258|RCC2_HUMAN
AGGAAVVJTEPEHTK,Anna_HEK293T_IEX_control_011217,HEK293T_control_IEX_43a_011217,2,sp|Q9P258|RCC2_HUMAN
AGGAAVVJTEPEHTK,Anna_HEK293T_IEX_control_011217,HEK293T_control_IEX_44a_011217,2,sp|Q9P258|RCC2_HUMAN
AGGAAVVJTEPEHTK,Anna_HEK293T_IEX_control_011217,HEK293T_control_IEX_45a_011217,3,sp|Q9P258|RCC2_HUMAN
AGGAAVVJTEPEHTK,Anna_HEK293T_IEX_control_011217,HEK293T_control_IEX_46a_011217,2,sp|Q9P258|RCC2_HUMAN
AGGAAVVJTEPEHTK,Anna_HEK293T_IEX_control_011217,HEK293T_control_IEX_47a_011217,2,sp|Q9P258|RCC2_HUMAN
AGGAAVVJTEPEHTK,Anna_HEK293T_IEX_control_011217,HEK293T_control_IEX_48a_011217,2,sp|Q9P258|RCC2_HUMAN
AGGAAVVJTEPEHTK,Anna_HEK293T_IEX_control_011217,HEK293T_control_IEX_49a_011217,2,sp|Q9P258|RCC2_HUMAN
AGGAAVVJTEPEHTK,Anna_HEK293T_IEX_control_011217,HEK293T_control_IEX_50a_011217,3,sp|Q9P258|RCC2_HUMAN
AGGAAVVJTEPEHTK,Anna_HEK293T_IEX_control_011217,HEK293T_control_IEX_51a_011217,2,sp|Q9P258|RCC2_HUMAN
AGGAAVVJTEPEHTK,Anna_HEK293T_IEX_control_011217,HEK293T_control_IEX_52a_011217,2,sp|Q9P258|RCC2_HUMAN
AGGAAVVJTEPEHTK,Anna_HEK293T_IEX_control_011217,HEK293T_control_IEX_53a_011217,1,sp|Q9P258|RCC2_HUMAN
AGGAAVVJTEPEHTK,Anna_HEK293T_IEX_control_011217,HEK293T_control_IEX_54a_011217,1,sp|Q9P258|RCC2_HUMAN
AGGAAVVJTEPEHTK,Anna_HEK293T_IEX_control_011217,HEK293T_control_IEX_55a_011217,1,sp|Q9P258|RCC2_HUMAN
AGGAAVVJTEPEHTK,Anna_HEK293T_IEX_control_011217,HEK293T_control_IEX_56a_011217,1,sp|Q9P258|RCC2_HUMAN
AGGAAVVJTEPEHTK,Anna_HEK293T_IEX_control_011217,HEK293T_control_IEX_57a_011217,1,sp|Q9P258|RCC2_HUMAN
AGGAAVVJTEPEHTK,Anna_HEK293T_IEX_control_011217,HEK293T_control_IEX_59a_011217,2,sp|Q9P258|RCC2_HUMAN
AGGAAVVJTEPEHTK,Anna_HEK293T_IEX_control_011217,HEK293T_control_IEX_60a_011217,3,sp|Q9P258|RCC2_HUMAN
AGGAAVVJTEPEHTK,Anna_HEK293T_IEX_control_011217,HEK293T_control_IEX_61a_011217,1,sp|Q9P258|RCC2_HUMAN
AGGAAVVJTEPEHTK,Anna_HEK293T_IEX_control_011217,HEK293T_control_IEX_63a_011217,1,sp|Q9P258|RCC2_HUMAN
AGGAAVVJTEPEHTK,Anna_HEK293T_IEX_control_011217,HEK293T_control_IEX_64a_011217,1,sp|Q9P258|RCC2_HUMAN
AGGAAVVJTEPEHTK,Anna_HEK293T_IEX_control_011217,HEK293T_control_IEX_65a_011217,2,sp|Q9P258|RCC2_HUMAN
AGGAAVVJTEPEHTK,Anna_HEK293T_IEX_control_011217,HEK293T_control_IEX_66a_011217,1,sp|Q9P258|RCC2_HUMAN
AGGAAVVJTEPEHTK,Anna_HEK293T_IEX_control_011217,HEK293T_control_IEX_67a_011217,1,sp|Q9P258|RCC2_HUMAN
AGGAAVVJTEPEHTK,Anna_HEK293T_IEX_control_011217,HEK293T_control_IEX_68a_011217,1,sp|Q9P258|RCC2_HUMAN
AGGAAVVJTEPEHTK,Anna_HEK293T_IEX_control_011217,HEK293T_control_IEX_70a_011217,1,sp|Q9P258|RCC2_HUMAN
AGGAAVVJTEPEHTK,Anna_HEK293T_IEX_control_011217,HEK293T_control_IEX_71a_011217,1,sp|Q9P258|RCC2_HUMAN
AGGAAVVJTEPEHTKER,Anna_HEK293T_IEX_control_011217,HEK293T_control_IEX_34a_011217,1,sp|Q9P258|RCC2_HUMAN
AGGAAVVJTEPEHTKER,Anna_HEK293T_IEX_control_011217,HEK293T_control_IEX_35a_011217,1,sp|Q9P258|RCC2_HUMAN
AGGAAVVJTEPEHTKER,Anna_HEK293T_IEX_control_011217,HEK293T_control_IEX_37a_011217,1,sp|Q9P258|RCC2_HUMAN
AGGAAVVJTEPEHTKER,Anna_HEK293T_IEX_control_011217,HEK293T_control_IEX_38a_011217,3,sp|Q9P258|RCC2_HUMAN
AGGAAVVJTEPEHTKER,Anna_HEK293T_IEX_control_011217,HEK293T_control_IEX_39a_011217,1,sp|Q9P258|RCC2_HUMAN
AGGAAVVJTEPEHTKER,Anna_HEK293T_IEX_control_011217,HEK293T_control_IEX_41a_011217,1,sp|Q9P258|RCC2_HUMAN
AGGAAVVJTEPEHTKER,Anna_HEK293T_IEX_control_011217,HEK293T_control_IEX_43a_011217,2,sp|Q9P258|RCC2_HUMAN
AGGAAVVJTEPEHTKER,Anna_HEK293T_IEX_control_011217,HEK293T_control_IEX_44a_011217,1,sp|Q9P258|RCC2_HUMAN
AGGAAVVJTEPEHTKER,Anna_HEK293T_IEX_control_011217,HEK293T_control_IEX_45a_011217,1,sp|Q9P258|RCC2_HUMAN
AGGAAVVJTEPEHTKER,Anna_HEK293T_IEX_control_011217,HEK293T_control_IEX_51a_011217,2,sp|Q9P258|RCC2_HUMAN
AGGAAVVJTEPEHTKER,Anna_HEK293T_IEX_control_011217,HEK293T_control_IEX_52a_011217,1,sp|Q9P258|RCC2_HUMAN
AGGAAVVJTEPEHTKER,Anna_HEK293T_IEX_control_011217,HEK293T_control_IEX_53a_011217,1,sp|Q9P258|RCC2_HUMAN
AGGAAVVJTEPEHTKER,Anna_HEK293T_IEX_control_011217,HEK293T_control_IEX_54a_011217,1,sp|Q9P258|RCC2_HUMAN
AGGAAVVJTEPEHTKER,Anna_HEK293T_IEX_control_011217,HEK293T_control_IEX_55a_011217,1,sp|Q9P258|RCC2_HUMAN
AGGAAVVJTEPEHTKER,Anna_HEK293T_IEX_control_011217,HEK293T_control_IEX_57a_011217,1,sp|Q9P258|RCC2_HUMAN
AGGAAVVJTEPEHTKER,Anna_HEK293T_IEX_control_011217,HEK293T_control_IEX_58a_011217,2,sp|Q9P258|RCC2_HUMAN
AGGAAVVJTEPEHTKER,Anna_HEK293T_IEX_control_011217,HEK293T_control_IEX_59a_011217,1,sp|Q9P258|RCC2_HUMAN
AGGAAVVJTEPEHTKER,Anna_HEK293T_IEX_control_011217,HEK293T_control_IEX_60a_011217,1,sp|Q9P258|RCC2_HUMAN
AGGAAVVJTEPEHTKER,Anna_HEK293T_IEX_control_011217,HEK293T_control_IEX_61a_011217,1,sp|Q9P258|RCC2_HUMAN
AGGAAVVJTEPEHTKER,Anna_HEK293T_IEX_control_011217,HEK293T_control_IEX_62a_011217,1,sp|Q9P258|RCC2_HUMAN
AGGAAVVJTEPEHTKER,Anna_HEK293T_IEX_control_011217,HEK293T_control_IEX_64a_011217,2,sp|Q9P258|RCC2_HUMAN
AGGAAVVJTEPEHTKER,Anna_HEK293T_IEX_control_011217,HEK293T_control_IEX_65a_011217,1,sp|Q9P258|RCC2_HUMAN
AGGAAVVJTEPEHTKER,Anna_HEK293T_IEX_control_011217,HEK293T_control_IEX_67a_011217,1,sp|Q9P258|RCC2_HUMAN
AVQDJCGWR,Anna_HEK293T_IEX_control_011217,HEK293T_control_IEX_34a_011217,1,sp|Q9P258|RCC2_HUMAN
AVQDJCGWR,Anna_HEK293T_IEX_control_011217,HEK293T_control_IEX_35a_011217,1,sp|Q9P258|RCC2_HUMAN
AVQDJCGWR,Anna_HEK293T_IEX_control_011217,HEK293T_control_IEX_36a_011217,1,sp|Q9P258|RCC2_HUMAN
AVQDJCGWR,Anna_HEK293T_IEX_control_011217,HEK293T_control_IEX_38a_011217,1,sp|Q9P258|RCC2_HUMAN
AVQDJCGWR,Anna_HEK293T_IEX_control_011217,HEK293T_control_IEX_43a_011217,1,sp|Q9P258|RCC2_HUMAN
AVQDJCGWR,Anna_HEK293T_IEX_control_011217,HEK293T_control_IEX_44a_011217,1,sp|Q9P258|RCC2_HUMAN
AVQDJCGWR,Anna_HEK293T_IEX_control_011217,HEK293T_control_IEX_45a_011217,1,sp|Q9P258|RCC2_HUMAN
AVQDJCGWR,Anna_HEK293T_IEX_control_011217,HEK293T_control_IEX_46a_011217,1,sp|Q9P258|RCC2_HUMAN
AVQDJCGWR,Anna_HEK293T_IEX_control_011217,HEK293T_control_IEX_47a_011217,1,sp|Q9P258|RCC2_HUMAN
AVQDJCGWR,Anna_HEK293T_IEX_control_011217,HEK293T_control_IEX_48a_011217,1,sp|Q9P258|RCC2_HUMAN
AVQDJCGWR,Anna_HEK293T_IEX_control_011217,HEK293T_control_IEX_49a_011217,1,sp|Q9P258|RCC2_HUMAN
AVQDJCGWR,Anna_HEK293T_IEX_control_011217,HEK293T_control_IEX_52a_011217,1,sp|Q9P258|RCC2_HUMAN
CSSSSGGGSSGDEDGJEJDGAPGGGK,Anna_HEK293T_IEX_control_011217,HEK293T_control_IEX_40a_011217,1,sp|Q9P258|RCC2_HUMAN
CSSSSGGGSSGDEDGJEJDGAPGGGK,Anna_HEK293T_IEX_control_011217,HEK293T_control_IEX_41a_011217,1,sp|Q9P258|RCC2_HUMAN
CSSSSGGGSSGDEDGJEJDGAPGGGK,Anna_HEK293T_IEX_control_011217,HEK293T_control_IEX_46a_011217,1,sp|Q9P258|RCC2_HUMAN
CSSSSGGGSSGDEDGJEJDGAPGGGK,Anna_HEK293T_IEX_control_011217,HEK293T_control_IEX_49a_011217,1,sp|Q9P258|RCC2_HUMAN
CSSSSGGGSSGDEDGJEJDGAPGGGK,Anna_HEK293T_IEX_control_011217,HEK293T_control_IEX_50a_011217,1,sp|Q9P258|RCC2_HUMAN
CSSSSGGGSSGDEDGJEJDGAPGGGK,Anna_HEK293T_IEX_control_011217,HEK293T_control_IEX_52a_011217,1,sp|Q9P258|RCC2_HUMAN
CSSSSGGGSSGDEDGJEJDGAPGGGK,Anna_HEK293T_IEX_control_011217,HEK293T_control_IEX_53a_011217,1,sp|Q9P258|RCC2_HUMAN
CSSSSGGGSSGDEDGJEJDGAPGGGK,Anna_HEK293T_IEX_control_011217,HEK293T_control_IEX_57a_011217,1,sp|Q9P258|RCC2_HUMAN
CSSSSGGGSSGDEDGJEJDGAPGGGKR,Anna_HEK293T_IEX_control_011217,HEK293T_control_IEX_38a_011217,1,sp|Q9P258|RCC2_HUMAN
CSSSSGGGSSGDEDGJEJDGAPGGGKR,Anna_HEK293T_IEX_control_011217,HEK293T_control_IEX_43a_011217,2,sp|Q9P258|RCC2_HUMAN
CSSSSGGGSSGDEDGJEJDGAPGGGKR,Anna_HEK293T_IEX_control_011217,HEK293T_control_IEX_44a_011217,1,sp|Q9P258|RCC2_HUMAN
CSSSSGGGSSGDEDGJEJDGAPGGGKR,Anna_HEK293T_IEX_control_011217,HEK293T_control_IEX_46a_011217,1,sp|Q9P258|RCC2_HUMAN
CSSSSGGGSSGDEDGJEJDGAPGGGKR,Anna_HEK293T_IEX_control_011217,HEK293T_control_IEX_48a_011217,1,sp|Q9P258|RCC2_HUMAN
CSSSSGGGSSGDEDGJEJDGAPGGGKR,Anna_HEK293T_IEX_control_011217,HEK293T_control_IEX_49a_011217,1,sp|Q9P258|RCC2_HUMAN
CSSSSGGGSSGDEDGJEJDGAPGGGKR,Anna_HEK293T_IEX_control_011217,HEK293T_control_IEX_50a_011217,2,sp|Q9P258|RCC2_HUMAN
CSSSSGGGSSGDEDGJEJDGAPGGGKR,Anna_HEK293T_IEX_control_011217,HEK293T_control_IEX_51a_011217,1,sp|Q9P258|RCC2_HUMAN
CSSSSGGGSSGDEDGJEJDGAPGGGKR,Anna_HEK293T_IEX_control_011217,HEK293T_control_IEX_52a_011217,1,sp|Q9P258|RCC2_HUMAN
CSSSSGGGSSGDEDGJEJDGAPGGGKR,Anna_HEK293T_IEX_control_011217,HEK293T_control_IEX_53a_011217,1,sp|Q9P258|RCC2_HUMAN
CSSSSGGGSSGDEDGJEJDGAPGGGKR,Anna_HEK293T_IEX_control_011217,HEK293T_control_IEX_54a_011217,2,sp|Q9P258|RCC2_HUMAN
CSSSSGGGSSGDEDGJEJDGAPGGGKR,Anna_HEK293T_IEX_control_011217,HEK293T_control_IEX_56a_011217,1,sp|Q9P258|RCC2_HUMAN
CSSSSGGGSSGDEDGJEJDGAPGGGKR,Anna_HEK293T_IEX_control_011217,HEK293T_control_IEX_57a_011217,1,sp|Q9P258|RCC2_HUMAN
CSSSSGGGSSGDEDGJEJDGAPGGGKR,Anna_HEK293T_IEX_control_011217,HEK293T_control_IEX_59a_011217,1,sp|Q9P258|RCC2_HUMAN
CSSSSGGGSSGDEDGJEJDGAPGGGKR,Anna_HEK293T_IEX_control_011217,HEK293T_control_IEX_60a_011217,1,sp|Q9P258|RCC2_HUMAN
CSSSSGGGSSGDEDGJEJDGAPGGGKR,Anna_HEK293T_IEX_control_011217,HEK293T_control_IEX_61a_011217,1,sp|Q9P258|RCC2_HUMAN
CSSSSGGGSSGDEDGJEJDGAPGGGKR,Anna_HEK293T_IEX_control_011217,HEK293T_control_IEX_63a_011217,1,sp|Q9P258|RCC2_HUMAN
CSSSSGGGSSGDEDGJEJDGAPGGGKR,Anna_HEK293T_IEX_control_011217,HEK293T_control_IEX_71a_011217,1,sp|Q9P258|RCC2_HUMAN
DGQJJPVPNVVVR,Anna_HEK293T_IEX_control_011217,HEK293T_control_IEX_38a_011217,1,sp|Q9P258|RCC2_HUMAN
DGQJJPVPNVVVR,Anna_HEK293T_IEX_control_011217,HEK293T_control_IEX_51a_011217,1,sp|Q9P258|RCC2_HUMAN
DGQJJPVPNVVVR,Anna_HEK293T_IEX_control_011217,HEK293T_control_IEX_52a_011217,1,sp|Q9P258|RCC2_HUMAN
DGQJJPVPNVVVR,Anna_HEK293T_IEX_control_011217,HEK293T_control_IEX_53a_011217,1,sp|Q9P258|RCC2_HUMAN
DGQJJPVPNVVVR,Anna_HEK293T_IEX_control_011217,HEK293T_control_IEX_54a_011217,1,sp|Q9P258|RCC2_HUMAN
DGQJJPVPNVVVR,Anna_HEK293T_IEX_control_011217,HEK293T_control_IEX_58a_011217,1,sp|Q9P258|RCC2_HUMAN
DGQJJPVPNVVVR,Anna_HEK293T_IEX_control_011217,HEK293T_control_IEX_60a_011217,1,sp|Q9P258|RCC2_HUMAN
DVACGANHTJVJDSQK,Anna_HEK293T_IEX_control_011217,HEK293T_control_IEX_38a_011217,1,sp|Q9P258|RCC2_HUMAN
DVACGANHTJVJDSQK,Anna_HEK293T_IEX_control_011217,HEK293T_control_IEX_43a_011217,1,sp|Q9P258|RCC2_HUMAN
DVACGANHTJVJDSQK,Anna_HEK293T_IEX_control_011217,HEK293T_control_IEX_45a_011217,2,sp|Q9P258|RCC2_HUMAN
DVACGANHTJVJDSQK,Anna_HEK293T_IEX_control_011217,HEK293T_control_IEX_47a_011217,2,sp|Q9P258|RCC2_HUMAN
DVACGANHTJVJDSQK,Anna_HEK293T_IEX_control_011217,HEK293T_control_IEX_48a_011217,1,sp|Q9P258|RCC2_HUMAN
DVACGANHTJVJDSQK,Anna_HEK293T_IEX_control_011217,HEK293T_control_IEX_53a_011217,1,sp|Q9P258|RCC2_HUMAN
DVACGANHTJVJDSQK,Anna_HEK293T_IEX_control_011217,HEK293T_control_IEX_54a_011217,1,sp|Q9P258|RCC2_HUMAN
DVACGANHTJVJDSQK,Anna_HEK293T_IEX_control_011217,HEK293T_control_IEX_57a_011217,1,sp|Q9P258|RCC2_HUMAN
DVACGANHTJVJDSQKR,Anna_HEK293T_IEX_control_011217,HEK293T_control_IEX_37a_011217,1,sp|Q9P258|RCC2_HUMAN
DVACGANHTJVJDSQKR,Anna_HEK293T_IEX_control_011217,HEK293T_control_IEX_38a_011217,1,sp|Q9P258|RCC2_HUMAN
DVACGANHTJVJDSQKR,Anna_HEK293T_IEX_control_011217,HEK293T_control_IEX_41a_011217,1,sp|Q9P258|RCC2_HUMAN
DVACGANHTJVJDSQKR,Anna_HEK293T_IEX_control_011217,HEK293T_control_IEX_42a_011217,1,sp|Q9P258|RCC2_HUMAN
DVACGANHTJVJDSQKR,Anna_HEK293T_IEX_control_011217,HEK293T_control_IEX_43a_011217,1,sp|Q9P258|RCC2_HUMAN
DVACGANHTJVJDSQKR,Anna_HEK293T_IEX_control_011217,HEK293T_control_IEX_44a_011217,1,sp|Q9P258|RCC2_HUMAN
DVACGANHTJVJDSQKR,Anna_HEK293T_IEX_control_011217,HEK293T_control_IEX_45a_011217,1,sp|Q9P258|RCC2_HUMAN
DVACGANHTJVJDSQKR,Anna_HEK293T_IEX_control_011217,HEK293T_control_IEX_46a_011217,1,sp|Q9P258|RCC2_HUMAN
DVACGANHTJVJDSQKR,Anna_HEK293T_IEX_control_011217,HEK293T_control_IEX_47a_011217,1,sp|Q9P258|RCC2_HUMAN
DVACGANHTJVJDSQKR,Anna_HEK293T_IEX_control_011217,HEK293T_control_IEX_48a_011217,1,sp|Q9P258|RCC2_HUMAN
DVACGANHTJVJDSQKR,Anna_HEK293T_IEX_control_011217,HEK293T_control_IEX_49a_011217,1,sp|Q9P258|RCC2_HUMAN
DVACGANHTJVJDSQKR,Anna_HEK293T_IEX_control_011217,HEK293T_control_IEX_50a_011217,1,sp|Q9P258|RCC2_HUMAN
DVACGANHTJVJDSQKR,Anna_HEK293T_IEX_control_011217,HEK293T_control_IEX_54a_011217,1,sp|Q9P258|RCC2_HUMAN
DVACGANHTJVJDSQKR,Anna_HEK293T_IEX_control_011217,HEK293T_control_IEX_59a_011217,1,sp|Q9P258|RCC2_HUMAN
GNJYSFGCPEYGQJGHNSDGK,Anna_HEK293T_IEX_control_011217,HEK293T_control_IEX_39a_011217,1,sp|Q9P258|RCC2_HUMAN
GNJYSFGCPEYGQJGHNSDGK,Anna_HEK293T_IEX_control_011217,HEK293T_control_IEX_45a_011217,1,sp|Q9P258|RCC2_HUMAN
GNJYSFGCPEYGQJGHNSDGK,Anna_HEK293T_IEX_control_011217,HEK293T_control_IEX_49a_011217,1,sp|Q9P258|RCC2_HUMAN
GNJYSFGCPEYGQJGHNSDGK,Anna_HEK293T_IEX_control_011217,HEK293T_control_IEX_52a_011217,2,sp|Q9P258|RCC2_HUMAN
GNJYSFGCPEYGQJGHNSDGK,Anna_HEK293T_IEX_control_011217,HEK293T_control_IEX_53a_011217,1,sp|Q9P258|RCC2_HUMAN
GNJYSFGCPEYGQJGHNSDGK,Anna_HEK293T_IEX_control_011217,HEK293T_control_IEX_54a_011217,1,sp|Q9P258|RCC2_HUMAN
GNJYSFGCPEYGQJGHNSDGK,Anna_HEK293T_IEX_control_011217,HEK293T_control_IEX_57a_011217,1,sp|Q9P258|RCC2_HUMAN
GNJYSFGCPEYGQJGHNSDGK,Anna_HEK293T_IEX_control_011217,HEK293T_control_IEX_58a_011217,1,sp|Q9P258|RCC2_HUMAN
GNJYSFGCPEYGQJGHNSDGK,Anna_HEK293T_IEX_control_011217,HEK293T_control_IEX_61a_011217,1,sp|Q9P258|RCC2_HUMAN
GNJYSFGCPEYGQJGHNSDGK,Anna_HEK293T_IEX_control_011217,HEK293T_control_IEX_64a_011217,1,sp|Q9P258|RCC2_HUMAN
GQJJJFGATNWDJJGR,Anna_HEK293T_IEX_control_011217,HEK293T_control_IEX_52a_011217,1,sp|Q9P258|RCC2_HUMAN
JEYDCEJVPR,Anna_HEK293T_IEX_control_011217,HEK293T_control_IEX_38a_011217,1,sp|Q9P258|RCC2_HUMAN
JEYDCEJVPR,Anna_HEK293T_IEX_control_011217,HEK293T_control_IEX_42a_011217,1,sp|Q9P258|RCC2_HUMAN
JEYDCEJVPR,Anna_HEK293T_IEX_control_011217,HEK293T_control_IEX_44a_011217,1,sp|Q9P258|RCC2_HUMAN
JEYDCEJVPR,Anna_HEK293T_IEX_control_011217,HEK293T_control_IEX_45a_011217,1,sp|Q9P258|RCC2_HUMAN
JEYDCEJVPR,Anna_HEK293T_IEX_control_011217,HEK293T_control_IEX_54a_011217,1,sp|Q9P258|RCC2_HUMAN
JEYDCEJVPR,Anna_HEK293T_IEX_control_011217,HEK293T_control_IEX_58a_011217,1,sp|Q9P258|RCC2_HUMAN
JEYDCEJVPR,Anna_HEK293T_IEX_control_011217,HEK293T_control_IEX_59a_011217,1,sp|Q9P258|RCC2_HUMAN
JEYDCEJVPR,Anna_HEK293T_IEX_control_011217,HEK293T_control_IEX_72a_011217,1,sp|Q9P258|RCC2_HUMAN
JFDFPGR,Anna_HEK293T_IEX_control_011217,HEK293T_control_IEX_38a_011217,1,sp|Q9P258|RCC2_HUMAN
JFDFPGR,Anna_HEK293T_IEX_control_011217,HEK293T_control_IEX_39a_011217,1,sp|Q9P258|RCC2_HUMAN
JFDFPGR,Anna_HEK293T_IEX_control_011217,HEK293T_control_IEX_42a_011217,1,sp|Q9P258|RCC2_HUMAN
JFDFPGR,Anna_HEK293T_IEX_control_011217,HEK293T_control_IEX_43a_011217,1,sp|Q9P258|RCC2_HUMAN
JFDFPGR,Anna_HEK293T_IEX_control_011217,HEK293T_control_IEX_44a_011217,1,sp|Q9P258|RCC2_HUMAN
JFDFPGR,Anna_HEK293T_IEX_control_011217,HEK293T_control_IEX_45a_011217,1,sp|Q9P258|RCC2_HUMAN
JFDFPGR,Anna_HEK293T_IEX_control_011217,HEK293T_control_IEX_47a_011217,1,sp|Q9P258|RCC2_HUMAN
JFDFPGR,Anna_HEK293T_IEX_control_011217,HEK293T_control_IEX_49a_011217,1,sp|Q9P258|RCC2_HUMAN
JFDFPGR,Anna_HEK293T_IEX_control_011217,HEK293T_control_IEX_53a_011217,1,sp|Q9P258|RCC2_HUMAN
JFDFPGR,Anna_HEK293T_IEX_control_011217,HEK293T_control_IEX_54a_011217,1,sp|Q9P258|RCC2_HUMAN
JFDFPGR,Anna_HEK293T_IEX_control_011217,HEK293T_control_IEX_55a_011217,1,sp|Q9P258|RCC2_HUMAN
JFDFPGR,Anna_HEK293T_IEX_control_011217,HEK293T_control_IEX_57a_011217,1,sp|Q9P258|RCC2_HUMAN
JGHAEQKDEMVPR,Anna_HEK293T_IEX_control_011217,HEK293T_control_IEX_38a_011217,1,sp|Q9P258|RCC2_HUMAN
JGHAEQKDEMVPR,Anna_HEK293T_IEX_control_011217,HEK293T_control_IEX_39a_011217,1,sp|Q9P258|RCC2_HUMAN
JGHAEQKDEMVPR,Anna_HEK293T_IEX_control_011217,HEK293T_control_IEX_43a_011217,1,sp|Q9P258|RCC2_HUMAN
JGHAEQKDEMVPR,Anna_HEK293T_IEX_control_011217,HEK293T_control_IEX_44a_011217,1,sp|Q9P258|RCC2_HUMAN
JGHAEQKDEMVPR,Anna_HEK293T_IEX_control_011217,HEK293T_control_IEX_45a_011217,1,sp|Q9P258|RCC2_HUMAN
JGHAEQKDEMVPR,Anna_HEK293T_IEX_control_011217,HEK293T_control_IEX_48a_011217,1,sp|Q9P258|RCC2_HUMAN
JGHAEQKDEMVPR,Anna_HEK293T_IEX_control_011217,HEK293T_control_IEX_50a_011217,2,sp|Q9P258|RCC2_HUMAN
JGHAEQKDEMVPR,Anna_HEK293T_IEX_control_011217,HEK293T_control_IEX_51a_011217,1,sp|Q9P258|RCC2_HUMAN
JGHAEQKDEMVPR,Anna_HEK293T_IEX_control_011217,HEK293T_control_IEX_53a_011217,1,sp|Q9P258|RCC2_HUMAN
JGHAEQKDEMVPR,Anna_HEK293T_IEX_control_011217,HEK293T_control_IEX_54a_011217,1,sp|Q9P258|RCC2_HUMAN
JGHAEQKDEMVPR,Anna_HEK293T_IEX_control_011217,HEK293T_control_IEX_55a_011217,1,sp|Q9P258|RCC2_HUMAN
JGHAEQKDEMVPR,Anna_HEK293T_IEX_control_011217,HEK293T_control_IEX_57a_011217,1,sp|Q9P258|RCC2_HUMAN
JGHAEQKDEMVPR,Anna_HEK293T_IEX_control_011217,HEK293T_control_IEX_59a_011217,1,sp|Q9P258|RCC2_HUMAN
JJAFVGSPVEDNEK,Anna_HEK293T_IEX_control_011217,HEK293T_control_IEX_52a_011217,1,sp|P55036|PSMD4_HUMAN
JJAFVGSPVEDNEK,Anna_HEK293T_IEX_control_011217,HEK293T_control_IEX_53a_011217,1,sp|P55036|PSMD4_HUMAN
JJAFVGSPVEDNEK,Anna_HEK293T_IEX_control_011217,HEK293T_control_IEX_55a_011217,1,sp|P55036|PSMD4_HUMAN
JJAFVGSPVEDNEK,Anna_HEK293T_IEX_control_011217,HEK293T_control_IEX_64a_011217,1,sp|P55036|PSMD4_HUMAN
JJAFVGSPVEDNEK,Anna_HEK293T_IEX_control_011217,HEK293T_control_IEX_65a_011217,1,sp|P55036|PSMD4_HUMAN
JJAFVGSPVEDNEK,Anna_HEK293T_IEX_control_011217,HEK293T_control_IEX_67a_011217,1,sp|P55036|PSMD4_HUMAN
JJAFVGSPVEDNEK,Anna_HEK293T_IEX_control_011217,HEK293T_control_IEX_68a_011217,1,sp|P55036|PSMD4_HUMAN
JJAFVGSPVEDNEK,Anna_HEK293T_IEX_control_011217,HEK293T_control_IEX_71a_011217,1,sp|P55036|PSMD4_HUMAN
JJAFVGSPVEDNEK,Anna_HEK293T_IEX_control_011217,HEK293T_control_IEX_72a_011217,1,sp|P55036|PSMD4_HUMAN
JJAFVGSPVEDNEKDJVK,Anna_HEK293T_IEX_control_011217,HEK293T_control_IEX_48a_011217,1,sp|P55036|PSMD4_HUMAN
JJAFVGSPVEDNEKDJVK,Anna_HEK293T_IEX_control_011217,HEK293T_control_IEX_49a_011217,1,sp|P55036|PSMD4_HUMAN
JJAFVGSPVEDNEKDJVK,Anna_HEK293T_IEX_control_011217,HEK293T_control_IEX_50a_011217,1,sp|P55036|PSMD4_HUMAN
JJAFVGSPVEDNEKDJVK,Anna_HEK293T_IEX_control_011217,HEK293T_control_IEX_51a_011217,1,sp|P55036|PSMD4_HUMAN
JJAFVGSPVEDNEKDJVK,Anna_HEK293T_IEX_control_011217,HEK293T_control_IEX_52a_011217,1,sp|P55036|PSMD4_HUMAN
JJAFVGSPVEDNEKDJVK,Anna_HEK293T_IEX_control_011217,HEK293T_control_IEX_53a_011217,1,sp|P55036|PSMD4_HUMAN
JJAFVGSPVEDNEKDJVK,Anna_HEK293T_IEX_control_011217,HEK293T_control_IEX_54a_011217,1,sp|P55036|PSMD4_HUMAN
JJAFVGSPVEDNEKDJVK,Anna_HEK293T_IEX_control_011217,HEK293T_control_IEX_55a_011217,1,sp|P55036|PSMD4_HUMAN
JJAFVGSPVEDNEKDJVK,Anna_HEK293T_IEX_control_011217,HEK293T_control_IEX_57a_011217,1,sp|P55036|PSMD4_HUMAN
JJAFVGSPVEDNEKDJVK,Anna_HEK293T_IEX_control_011217,HEK293T_control_IEX_60a_011217,1,sp|P55036|PSMD4_HUMAN
JJAFVGSPVEDNEKDJVK,Anna_HEK293T_IEX_control_011217,HEK293T_control_IEX_61a_011217,1,sp|P55036|PSMD4_HUMAN
JJAFVGSPVEDNEKDJVK,Anna_HEK293T_IEX_control_011217,HEK293T_control_IEX_62a_011217,1,sp|P55036|PSMD4_HUMAN
JJAFVGSPVEDNEKDJVK,Anna_HEK293T_IEX_control_011217,HEK293T_control_IEX_63a_011217,1,sp|P55036|PSMD4_HUMAN
JJAFVGSPVEDNEKDJVK,Anna_HEK293T_IEX_control_011217,HEK293T_control_IEX_64a_011217,1,sp|P55036|PSMD4_HUMAN
JJAFVGSPVEDNEKDJVK,Anna_HEK293T_IEX_control_011217,HEK293T_control_IEX_68a_011217,1,sp|P55036|PSMD4_HUMAN
JJAFVGSPVEDNEKDJVK,Anna_HEK293T_IEX_control_011217,HEK293T_control_IEX_70a_011217,1,sp|P55036|PSMD4_HUMAN
JJAFVGSPVEDNEKDJVK,Anna_HEK293T_IEX_control_011217,HEK293T_control_IEX_72a_011217,1,sp|P55036|PSMD4_HUMAN
JJEGJSHEVJVSAACGR,Anna_HEK293T_IEX_control_011217,HEK293T_control_IEX_35a_011217,1,sp|Q9P258|RCC2_HUMAN
JJEGJSHEVJVSAACGR,Anna_HEK293T_IEX_control_011217,HEK293T_control_IEX_36a_011217,1,sp|Q9P258|RCC2_HUMAN
JJEGJSHEVJVSAACGR,Anna_HEK293T_IEX_control_011217,HEK293T_control_IEX_38a_011217,3,sp|Q9P258|RCC2_HUMAN
JJEGJSHEVJVSAACGR,Anna_HEK293T_IEX_control_011217,HEK293T_control_IEX_39a_011217,2,sp|Q9P258|RCC2_HUMAN
JJEGJSHEVJVSAACGR,Anna_HEK293T_IEX_control_011217,HEK293T_control_IEX_42a_011217,2,sp|Q9P258|RCC2_HUMAN
JJEGJSHEVJVSAACGR,Anna_HEK293T_IEX_control_011217,HEK293T_control_IEX_43a_011217,3,sp|Q9P258|RCC2_HUMAN
JJEGJSHEVJVSAACGR,Anna_HEK293T_IEX_control_011217,HEK293T_control_IEX_44a_011217,1,sp|Q9P258|RCC2_HUMAN
JJEGJSHEVJVSAACGR,Anna_HEK293T_IEX_control_011217,HEK293T_control_IEX_45a_011217,2,sp|Q9P258|RCC2_HUMAN
JJEGJSHEVJVSAACGR,Anna_HEK293T_IEX_control_011217,HEK293T_control_IEX_46a_011217,2,sp|Q9P258|RCC2_HUMAN
JJEGJSHEVJVSAACGR,Anna_HEK293T_IEX_control_011217,HEK293T_control_IEX_47a_011217,2,sp|Q9P258|RCC2_HUMAN
JJEGJSHEVJVSAACGR,Anna_HEK293T_IEX_control_011217,HEK293T_control_IEX_49a_011217,2,sp|Q9P258|RCC2_HUMAN
JJEGJSHEVJVSAACGR,Anna_HEK293T_IEX_control_011217,HEK293T_control_IEX_51a_011217,1,sp|Q9P258|RCC2_HUMAN
JJEGJSHEVJVSAACGR,Anna_HEK293T_IEX_control_011217,HEK293T_control_IEX_52a_011217,2,sp|Q9P258|RCC2_HUMAN
JJEGJSHEVJVSAACGR,Anna_HEK293T_IEX_control_011217,HEK293T_control_IEX_53a_011217,2,sp|Q9P258|RCC2_HUMAN
JJEGJSHEVJVSAACGR,Anna_HEK293T_IEX_control_011217,HEK293T_control_IEX_54a_011217,2,sp|Q9P258|RCC2_HUMAN
JJEGJSHEVJVSAACGR,Anna_HEK293T_IEX_control_011217,HEK293T_control_IEX_55a_011217,2,sp|Q9P258|RCC2_HUMAN
JJEGJSHEVJVSAACGR,Anna_HEK293T_IEX_control_011217,HEK293T_control_IEX_57a_011217,1,sp|Q9P258|RCC2_HUMAN
JJEGJSHEVJVSAACGR,Anna_HEK293T_IEX_control_011217,HEK293T_control_IEX_58a_011217,1,sp|Q9P258|RCC2_HUMAN
JJEGJSHEVJVSAACGR,Anna_HEK293T_IEX_control_011217,HEK293T_control_IEX_59a_011217,1,sp|Q9P258|RCC2_HUMAN
JPEYNPR,Anna_HEK293T_IEX_control_011217,HEK293T_control_IEX_38a_011217,1,sp|Q9P258|RCC2_HUMAN
JPEYNPR,Anna_HEK293T_IEX_control_011217,HEK293T_control_IEX_51a_011217,1,sp|Q9P258|RCC2_HUMAN
JPEYNPR,Anna_HEK293T_IEX_control_011217,HEK293T_control_IEX_52a_011217,1,sp|Q9P258|RCC2_HUMAN
JQAQQDAVNJVCHSK,Anna_HEK293T_IEX_control_011217,HEK293T_control_IEX_50a_011217,1,sp|P55036|PSMD4_HUMAN
JQAQQDAVNJVCHSK,Anna_HEK293T_IEX_control_011217,HEK293T_control_IEX_51a_011217,1,sp|P55036|PSMD4_HUMAN
JQAQQDAVNJVCHSK,Anna_HEK293T_IEX_control_011217,HEK293T_control_IEX_52a_011217,2,sp|P55036|PSMD4_HUMAN
JQAQQDAVNJVCHSK,Anna_HEK293T_IEX_control_011217,HEK293T_control_IEX_54a_011217,1,sp|P55036|PSMD4_HUMAN
JQAQQDAVNJVCHSK,Anna_HEK293T_IEX_control_011217,HEK293T_control_IEX_55a_011217,1,sp|P55036|PSMD4_HUMAN
JQAQQDAVNJVCHSK,Anna_HEK293T_IEX_control_011217,HEK293T_control_IEX_57a_011217,1,sp|P55036|PSMD4_HUMAN
JQAQQDAVNJVCHSK,Anna_HEK293T_IEX_control_011217,HEK293T_control_IEX_59a_011217,1,sp|P55036|PSMD4_HUMAN
JTFCTGJR,Anna_HEK293T_IEX_control_011217,HEK293T_control_IEX_72a_011217,1,sp|P55036|PSMD4_HUMAN
KJPEYNPR,Anna_HEK293T_IEX_control_011217,HEK293T_control_IEX_51a_011217,1,sp|Q9P258|RCC2_HUMAN
MGQJGJGNQTDAVPSPAQJMYNGQPJTK,Anna_HEK293T_IEX_control_011217,HEK293T_control_IEX_38a_011217,3,sp|Q9P258|RCC2_HUMAN
MGQJGJGNQTDAVPSPAQJMYNGQPJTK,Anna_HEK293T_IEX_control_011217,HEK293T_control_IEX_39a_011217,1,sp|Q9P258|RCC2_HUMAN
MGQJGJGNQTDAVPSPAQJMYNGQPJTK,Anna_HEK293T_IEX_control_011217,HEK293T_control_IEX_49a_011217,1,sp|Q9P258|RCC2_HUMAN
MGQJGJGNQTDAVPSPAQJMYNGQPJTK,Anna_HEK293T_IEX_control_011217,HEK293T_control_IEX_59a_011217,1,sp|Q9P258|RCC2_HUMAN
MTJSQQEFGR,Anna_HEK293T_IEX_control_011217,HEK293T_control_IEX_49a_011217,2,sp|P55036|PSMD4_HUMAN
MTJSQQEFGR,Anna_HEK293T_IEX_control_011217,HEK293T_control_IEX_50a_011217,1,sp|P55036|PSMD4_HUMAN
MTJSQQEFGR,Anna_HEK293T_IEX_control_011217,HEK293T_control_IEX_51a_011217,1,sp|P55036|PSMD4_HUMAN
MTJSQQEFGR,Anna_HEK293T_IEX_control_011217,HEK293T_control_IEX_54a_011217,1,sp|P55036|PSMD4_HUMAN
MTJSQQEFGR,Anna_HEK293T_IEX_control_011217,HEK293T_control_IEX_55a_011217,1,sp|P55036|PSMD4_HUMAN
MTJSQQEFGR,Anna_HEK293T_IEX_control_011217,HEK293T_control_IEX_57a_011217,2,sp|P55036|PSMD4_HUMAN
MTJSQQEFGR,Anna_HEK293T_IEX_control_011217,HEK293T_control_IEX_58a_011217,1,sp|P55036|PSMD4_HUMAN
MTJSQQEFGR,Anna_HEK293T_IEX_control_011217,HEK293T_control_IEX_59a_011217,1,sp|P55036|PSMD4_HUMAN
MTJSQQEFGR,Anna_HEK293T_IEX_control_011217,HEK293T_control_IEX_61a_011217,2,sp|P55036|PSMD4_HUMAN
MTJSQQEFGR,Anna_HEK293T_IEX_control_011217,HEK293T_control_IEX_62a_011217,1,sp|P55036|PSMD4_HUMAN
MTJSQQEFGR,Anna_HEK293T_IEX_control_011217,HEK293T_control_IEX_63a_011217,1,sp|P55036|PSMD4_HUMAN
MTJSQQEFGR,Anna_HEK293T_IEX_control_011217,HEK293T_control_IEX_64a_011217,2,sp|P55036|PSMD4_HUMAN
MTJSQQEFGR,Anna_HEK293T_IEX_control_011217,HEK293T_control_IEX_65a_011217,1,sp|P55036|PSMD4_HUMAN
MTJSQQEFGR,Anna_HEK293T_IEX_control_011217,HEK293T_control_IEX_66a_011217,2,sp|P55036|PSMD4_HUMAN
MTJSQQEFGR,Anna_HEK293T_IEX_control_011217,HEK293T_control_IEX_67a_011217,2,sp|P55036|PSMD4_HUMAN
MTJSQQEFGR,Anna_HEK293T_IEX_control_011217,HEK293T_control_IEX_68a_011217,1,sp|P55036|PSMD4_HUMAN
MTJSQQEFGR,Anna_HEK293T_IEX_control_011217,HEK293T_control_IEX_71a_011217,1,sp|P55036|PSMD4_HUMAN
MTJSQQEFGR,Anna_HEK293T_IEX_control_011217,HEK293T_control_IEX_72a_011217,1,sp|P55036|PSMD4_HUMAN
NAMGSJASQATK,Anna_HEK293T_IEX_control_011217,HEK293T_control_IEX_58a_011217,1,sp|P55036|PSMD4_HUMAN
NAMGSJASQATK,Anna_HEK293T_IEX_control_011217,HEK293T_control_IEX_59a_011217,2,sp|P55036|PSMD4_HUMAN
NAMGSJASQATK,Anna_HEK293T_IEX_control_011217,HEK293T_control_IEX_60a_011217,1,sp|P55036|PSMD4_HUMAN
NAMGSJASQATK,Anna_HEK293T_IEX_control_011217,HEK293T_control_IEX_61a_011217,1,sp|P55036|PSMD4_HUMAN
NAMGSJASQATK,Anna_HEK293T_IEX_control_011217,HEK293T_control_IEX_63a_011217,2,sp|P55036|PSMD4_HUMAN
NAMGSJASQATK,Anna_HEK293T_IEX_control_011217,HEK293T_control_IEX_64a_011217,1,sp|P55036|PSMD4_HUMAN
NAMGSJASQATK,Anna_HEK293T_IEX_control_011217,HEK293T_control_IEX_65a_011217,2,sp|P55036|PSMD4_HUMAN
NAMGSJASQATK,Anna_HEK293T_IEX_control_011217,HEK293T_control_IEX_66a_011217,1,sp|P55036|PSMD4_HUMAN
NAMGSJASQATK,Anna_HEK293T_IEX_control_011217,HEK293T_control_IEX_67a_011217,2,sp|P55036|PSMD4_HUMAN
NAMGSJASQATK,Anna_HEK293T_IEX_control_011217,HEK293T_control_IEX_70a_011217,1,sp|P55036|PSMD4_HUMAN
NAMGSJASQATK,Anna_HEK293T_IEX_control_011217,HEK293T_control_IEX_71a_011217,1,sp|P55036|PSMD4_HUMAN
NAMGSJASQATK,Anna_HEK293T_IEX_control_011217,HEK293T_control_IEX_72a_011217,1,sp|P55036|PSMD4_HUMAN
NGDFJPTR,Anna_HEK293T_IEX_control_011217,HEK293T_control_IEX_50a_011217,1,sp|P55036|PSMD4_HUMAN
NGDFJPTR,Anna_HEK293T_IEX_control_011217,HEK293T_control_IEX_51a_011217,1,sp|P55036|PSMD4_HUMAN
NGDFJPTR,Anna_HEK293T_IEX_control_011217,HEK293T_control_IEX_58a_011217,1,sp|P55036|PSMD4_HUMAN
NGDFJPTR,Anna_HEK293T_IEX_control_011217,HEK293T_control_IEX_59a_011217,1,sp|P55036|PSMD4_HUMAN
NGDFJPTR,Anna_HEK293T_IEX_control_011217,HEK293T_control_IEX_63a_011217,1,sp|P55036|PSMD4_HUMAN
NGDFJPTR,Anna_HEK293T_IEX_control_011217,HEK293T_control_IEX_67a_011217,1,sp|P55036|PSMD4_HUMAN
NGDFJPTR,Anna_HEK293T_IEX_control_011217,HEK293T_control_IEX_68a_011217,1,sp|P55036|PSMD4_HUMAN
NHTJAJTETGSVFAFGENK,Anna_HEK293T_IEX_control_011217,HEK293T_control_IEX_38a_011217,1,sp|Q9P258|RCC2_HUMAN
NHTJAJTETGSVFAFGENK,Anna_HEK293T_IEX_control_011217,HEK293T_control_IEX_41a_011217,1,sp|Q9P258|RCC2_HUMAN
NHTJAJTETGSVFAFGENK,Anna_HEK293T_IEX_control_011217,HEK293T_control_IEX_43a_011217,1,sp|Q9P258|RCC2_HUMAN
NHTJAJTETGSVFAFGENK,Anna_HEK293T_IEX_control_011217,HEK293T_control_IEX_45a_011217,1,sp|Q9P258|RCC2_HUMAN
NHTJAJTETGSVFAFGENK,Anna_HEK293T_IEX_control_011217,HEK293T_control_IEX_46a_011217,2,sp|Q9P258|RCC2_HUMAN
NHTJAJTETGSVFAFGENK,Anna_HEK293T_IEX_control_011217,HEK293T_control_IEX_47a_011217,1,sp|Q9P258|RCC2_HUMAN
NHTJAJTETGSVFAFGENK,Anna_HEK293T_IEX_control_011217,HEK293T_control_IEX_48a_011217,2,sp|Q9P258|RCC2_HUMAN
NHTJAJTETGSVFAFGENK,Anna_HEK293T_IEX_control_011217,HEK293T_control_IEX_49a_011217,1,sp|Q9P258|RCC2_HUMAN
NHTJAJTETGSVFAFGENK,Anna_HEK293T_IEX_control_011217,HEK293T_control_IEX_50a_011217,1,sp|Q9P258|RCC2_HUMAN
NHTJAJTETGSVFAFGENK,Anna_HEK293T_IEX_control_011217,HEK293T_control_IEX_52a_011217,1,sp|Q9P258|RCC2_HUMAN
NHTJAJTETGSVFAFGENK,Anna_HEK293T_IEX_control_011217,HEK293T_control_IEX_53a_011217,1,sp|Q9P258|RCC2_HUMAN
NHTJAJTETGSVFAFGENK,Anna_HEK293T_IEX_control_011217,HEK293T_control_IEX_54a_011217,2,sp|Q9P258|RCC2_HUMAN
NHTJAJTETGSVFAFGENK,Anna_HEK293T_IEX_control_011217,HEK293T_control_IEX_58a_011217,1,sp|Q9P258|RCC2_HUMAN
NHTJAJTETGSVFAFGENK,Anna_HEK293T_IEX_control_011217,HEK293T_control_IEX_65a_011217,1,sp|Q9P258|RCC2_HUMAN
NJGQNJWGPHR,Anna_HEK293T_IEX_control_011217,HEK293T_control_IEX_44a_011217,1,sp|Q9P258|RCC2_HUMAN
NJGQNJWGPHR,Anna_HEK293T_IEX_control_011217,HEK293T_control_IEX_50a_011217,2,sp|Q9P258|RCC2_HUMAN
NJGQNJWGPHR,Anna_HEK293T_IEX_control_011217,HEK293T_control_IEX_51a_011217,2,sp|Q9P258|RCC2_HUMAN
NJGQNJWGPHR,Anna_HEK293T_IEX_control_011217,HEK293T_control_IEX_55a_011217,1,sp|Q9P258|RCC2_HUMAN
RAAAASAAEAGJATTGTEDSDDAJJK,Anna_HEK293T_IEX_control_011217,HEK293T_control_IEX_61a_011217,1,sp|P55036|PSMD4_HUMAN
RAAAASAAEAGJATTGTEDSDDAJJK,Anna_HEK293T_IEX_control_011217,HEK293T_control_IEX_63a_011217,1,sp|P55036|PSMD4_HUMAN
RAAAASAAEAGJATTGTEDSDDAJJK,Anna_HEK293T_IEX_control_011217,HEK293T_control_IEX_64a_011217,1,sp|P55036|PSMD4_HUMAN
RAAAASAAEAGJATTGTEDSDDAJJK,Anna_HEK293T_IEX_control_011217,HEK293T_control_IEX_65a_011217,1,sp|P55036|PSMD4_HUMAN
RAAAASAAEAGJATTGTEDSDDAJJK,Anna_HEK293T_IEX_control_011217,HEK293T_control_IEX_66a_011217,1,sp|P55036|PSMD4_HUMAN
RAAAASAAEAGJATTGTEDSDDAJJK,Anna_HEK293T_IEX_control_011217,HEK293T_control_IEX_71a_011217,1,sp|P55036|PSMD4_HUMAN
RAAAASAAEAGJATTGTEDSDDAJJK,Anna_HEK293T_IEX_control_011217,HEK293T_control_IEX_72a_011217,1,sp|P55036|PSMD4_HUMAN
SNPENNVGJJTJANDCEVJTTJTPDTGR,Anna_HEK293T_IEX_control_011217,HEK293T_control_IEX_57a_011217,1,sp|P55036|PSMD4_HUMAN
SNPENNVGJJTJANDCEVJTTJTPDTGR,Anna_HEK293T_IEX_control_011217,HEK293T_control_IEX_59a_011217,3,sp|P55036|PSMD4_HUMAN
SNPENNVGJJTJANDCEVJTTJTPDTGR,Anna_HEK293T_IEX_control_011217,HEK293T_control_IEX_71a_011217,1,sp|P55036|PSMD4_HUMAN
TJDGJFSEQVAMGYSHSJVJAR,Anna_HEK293T_IEX_control_011217,HEK293T_control_IEX_50a_011217,1,sp|Q9P258|RCC2_HUMAN
TKDGQJJPVPNVVVR,Anna_HEK293T_IEX_control_011217,HEK293T_control_IEX_38a_011217,2,sp|Q9P258|RCC2_HUMAN
TKDGQJJPVPNVVVR,Anna_HEK293T_IEX_control_011217,HEK293T_control_IEX_43a_011217,1,sp|Q9P258|RCC2_HUMAN
TKDGQJJPVPNVVVR,Anna_HEK293T_IEX_control_011217,HEK293T_control_IEX_44a_011217,1,sp|Q9P258|RCC2_HUMAN
TKDGQJJPVPNVVVR,Anna_HEK293T_IEX_control_011217,HEK293T_control_IEX_51a_011217,2,sp|Q9P258|RCC2_HUMAN
TKDGQJJPVPNVVVR,Anna_HEK293T_IEX_control_011217,HEK293T_control_IEX_52a_011217,2,sp|Q9P258|RCC2_HUMAN
TKDGQJJPVPNVVVR,Anna_HEK293T_IEX_control_011217,HEK293T_control_IEX_53a_011217,1,sp|Q9P258|RCC2_HUMAN
TVVSGSCAAHSJJJTTEGK,Anna_HEK293T_IEX_control_011217,HEK293T_control_IEX_38a_011217,2,sp|Q9P258|RCC2_HUMAN
TVVSGSCAAHSJJJTTEGK,Anna_HEK293T_IEX_control_011217,HEK293T_control_IEX_41a_011217,1,sp|Q9P258|RCC2_HUMAN
TVVSGSCAAHSJJJTTEGK,Anna_HEK293T_IEX_control_011217,HEK293T_control_IEX_46a_011217,1,sp|Q9P258|RCC2_HUMAN
TVVSGSCAAHSJJJTTEGK,Anna_HEK293T_IEX_control_011217,HEK293T_control_IEX_49a_011217,1,sp|Q9P258|RCC2_HUMAN
TVVSGSCAAHSJJJTTEGK,Anna_HEK293T_IEX_control_011217,HEK293T_control_IEX_50a_011217,1,sp|Q9P258|RCC2_HUMAN
TVVSGSCAAHSJJJTTEGK,Anna_HEK293T_IEX_control_011217,HEK293T_control_IEX_51a_011217,2,sp|Q9P258|RCC2_HUMAN
TVVSGSCAAHSJJJTTEGK,Anna_HEK293T_IEX_control_011217,HEK293T_control_IEX_54a_011217,1,sp|Q9P258|RCC2_HUMAN
TVVSGSCAAHSJJJTTEGK,Anna_HEK293T_IEX_control_011217,HEK293T_control_IEX_57a_011217,1,sp|Q9P258|RCC2_HUMAN
TVVSGSCAAHSJJJTTEGK,Anna_HEK293T_IEX_control_011217,HEK293T_control_IEX_59a_011217,1,sp|Q9P258|RCC2_HUMAN
VAJFJEK,Anna_HEK293T_IEX_control_011217,HEK293T_control_IEX_50a_011217,1,sp|Q9P258|RCC2_HUMAN
VAJFJEK,Anna_HEK293T_IEX_control_011217,HEK293T_control_IEX_54a_011217,1,sp|Q9P258|RCC2_HUMAN
VAJFJEK,Anna_HEK293T_IEX_control_011217,HEK293T_control_IEX_67a_011217,1,sp|Q9P258|RCC2_HUMAN
VAJFJEK,Anna_HEK293T_IEX_control_011217,HEK293T_control_IEX_72a_011217,1,sp|Q9P258|RCC2_HUMAN
VFSWGFGGYGR,Anna_HEK293T_IEX_control_011217,HEK293T_control_IEX_33a_011217,1,sp|Q9P258|RCC2_HUMAN
VFSWGFGGYGR,Anna_HEK293T_IEX_control_011217,HEK293T_control_IEX_38a_011217,1,sp|Q9P258|RCC2_HUMAN
VFSWGFGGYGR,Anna_HEK293T_IEX_control_011217,HEK293T_control_IEX_39a_011217,1,sp|Q9P258|RCC2_HUMAN
VFSWGFGGYGR,Anna_HEK293T_IEX_control_011217,HEK293T_control_IEX_41a_011217,1,sp|Q9P258|RCC2_HUMAN
VFSWGFGGYGR,Anna_HEK293T_IEX_control_011217,HEK293T_control_IEX_42a_011217,1,sp|Q9P258|RCC2_HUMAN
VFSWGFGGYGR,Anna_HEK293T_IEX_control_011217,HEK293T_control_IEX_43a_011217,1,sp|Q9P258|RCC2_HUMAN
VFSWGFGGYGR,Anna_HEK293T_IEX_control_011217,HEK293T_control_IEX_44a_011217,1,sp|Q9P258|RCC2_HUMAN
VFSWGFGGYGR,Anna_HEK293T_IEX_control_011217,HEK293T_control_IEX_45a_011217,1,sp|Q9P258|RCC2_HUMAN
VFSWGFGGYGR,Anna_HEK293T_IEX_control_011217,HEK293T_control_IEX_46a_011217,1,sp|Q9P258|RCC2_HUMAN
VFSWGFGGYGR,Anna_HEK293T_IEX_control_011217,HEK293T_control_IEX_47a_011217,1,sp|Q9P258|RCC2_HUMAN
VFSWGFGGYGR,Anna_HEK293T_IEX_control_011217,HEK293T_control_IEX_48a_011217,1,sp|Q9P258|RCC2_HUMAN
VFSWGFGGYGR,Anna_HEK293T_IEX_control_011217,HEK293T_control_IEX_49a_011217,1,sp|Q9P258|RCC2_HUMAN
VFSWGFGGYGR,Anna_HEK293T_IEX_control_011217,HEK293T_control_IEX_50a_011217,1,sp|Q9P258|RCC2_HUMAN
VFSWGFGGYGR,Anna_HEK293T_IEX_control_011217,HEK293T_control_IEX_51a_011217,1,sp|Q9P258|RCC2_HUMAN
VFSWGFGGYGR,Anna_HEK293T_IEX_control_011217,HEK293T_control_IEX_52a_011217,1,sp|Q9P258|RCC2_HUMAN
VFSWGFGGYGR,Anna_HEK293T_IEX_control_011217,HEK293T_control_IEX_53a_011217,1,sp|Q9P258|RCC2_HUMAN
VFSWGFGGYGR,Anna_HEK293T_IEX_control_011217,HEK293T_control_IEX_54a_011217,1,sp|Q9P258|RCC2_HUMAN
VFSWGFGGYGR,Anna_HEK293T_IEX_control_011217,HEK293T_control_IEX_55a_011217,1,sp|Q9P258|RCC2_HUMAN
VFSWGFGGYGR,Anna_HEK293T_IEX_control_011217,HEK293T_control_IEX_58a_011217,1,sp|Q9P258|RCC2_HUMAN
VFSWGFGGYGR,Anna_HEK293T_IEX_control_011217,HEK293T_control_IEX_59a_011217,1,sp|Q9P258|RCC2_HUMAN
VFSWGFGGYGR,Anna_HEK293T_IEX_control_011217,HEK293T_control_IEX_60a_011217,1,sp|Q9P258|RCC2_HUMAN
VFSWGFGGYGR,Anna_HEK293T_IEX_control_011217,HEK293T_control_IEX_61a_011217,1,sp|Q9P258|RCC2_HUMAN
YGCJAGVR,Anna_HEK293T_IEX_control_011217,HEK293T_control_IEX_46a_011217,1,sp|Q9P258|RCC2_HUMAN
YGCJAGVR,Anna_HEK293T_IEX_control_011217,HEK293T_control_IEX_51a_011217,1,sp|Q9P258|RCC2_HUMAN
